,Brand,Original_price,Discount_price,Camera,Pixels,WiFi Connectivity,Discount,Ratings
0,Canon,"1,19,995","₹95,190",Mirrorless Camera,24,Yes,20,4.6
1,Canon,"64,995","₹45,990",Mirrorless Camera,24,Yes,29,4.4
2,GoPro,"54,500","₹22,984",,23,No,57,4.2
3,Insta360,"51,999","₹34,990",Action CameraAction Camera,72,No,32,4.4
4,Canon,"35,99","₹34,990",DSLR Camera,18,Yes,52,4.4
5,Canon,"92,995","₹79,990",Mirrorless Camera,24,Yes,13,4.6
6,Canon,"47,995","₹41,990",DSLR Camera,24,Yes,12,4.5
7,FUJIFILM,"8,499","₹6,499",,,No,23,4.4
8,NIKON,"1,02,995","₹87,490",Mirrorless Camera,20,Yes,15,4.5
9,NIKON,"94,950","₹78,990",DSLR Camera,20,Yes,16,4.5
10,Canon,"97,995","₹87,990",Mirrorless Camera,24,No,10,4.6
11,Canon,"94,995","₹70,008",Mirrorless Camera,26,Yes,26,4.4
12,Canon,"68,995","₹57,990",DSLR Camera,24,Yes,15,4.5
13,dji,"54,990","₹34,990",,12,No,36,4.6
14,GoPro,"45,000","₹29,989",,27,No,33,4.3
15,dji,"54,990","₹15,990",,12,No,70,4.2
16,Insta360,"59,990","₹48,490",,72,No,19,4.5
17,SONY,"1,24,990","₹84,990",Mirrorless Camera,24,Yes,32,4.6
18,SJCAM,"7,800","₹3,998",Action Camera,16,Yes,48,3.7
19,FUJIFILM,"7,999","₹5,998",,,No,25,4.2
20,dji,"44,990","₹26,990",,12,No,40,4.4
21,Insta360,"49,990","₹34,990",,48,No,30,4.4
22,FUJIFILM,"7,999","₹5,998",,,No,25,4.2
23,SONY,"69,990","₹61,490",Mirrorless Camera,24,Yes,12,4.5
24,Canon,"1,19,995","₹95,190",Mirrorless Camera,24,Yes,20,4.6
25,SONY,"90,990","₹73,998",Mirrorless Camera,24,Yes,18,4.6
26,Canon,"64,995","₹45,990",Mirrorless Camera,24,Yes,29,4.4
27,Canon,"92,995","₹79,990",Mirrorless Camera,24,Yes,13,4.6
28,SJCAM,"17,200","₹9,494",,16,No,44,4.1
29,Canon,"75,995","₹65,798",Mirrorless Camera,24,No,13,4.6
30,Canon,"97,995","₹87,990",Mirrorless Camera,24,No,10,4.6
31,Canon,"94,995","₹70,008",Mirrorless Camera,26,Yes,26,4.4
32,SONY,"90,990","₹73,998",Mirrorless Camera,24,Yes,18,4.6
33,dji,"49,99","₹45,990",,40,No,08,4.6
34,RECTITUDE,"6,499","₹2,499",HD Camera,,No,61,3.5
35,FUJIFILM,"8,499","₹6,498",,,No,23,4.4
36,DIGITEK,"10,995","₹5,999",,24,Yes,45,3.6
37,FUJIFILM,"9,499","₹6,499",,,No,31,4.3
38,SJCAM,"9,800","₹5,599",,12,No,42,3.9
39,SONY,"50,690","₹38,487",Vlog Camera,20,No,24,4
40,SONY,"1,16,490","₹88,488",Mirrorless Camera,24,Yes,24,4.7
41,GoPro,"51,500","₹33,490",,23,No,34,4.3
42,FUJIFILM,"10,999","₹6,999",,,No,36,4.2
43,Canon,"1,42,995","₹1,04,390",Mirrorless Camera,24,Yes,26,4.3
44,SONY,"89,990","₹73,490",Mirrorless Camera,24,Yes,18,4.6
45,Panasonic,"74,660","₹47,990",Mirrorless Camera,16,Yes,35,4.3
46,FUJIFILM,"10,999","₹6,999",,,No,36,4.2
47,FUJIFILM,"5,53","₹5,299",,,No,04,4.3
48,SONY,"1,16,490","₹88,489",Mirrorless Camera,24,Yes,24,4.7
49,NIKON,"73,495","₹59,990",Mirrorless Camera,20,Yes,18,4.3
50,Canon,"1,19,995","₹95,190",Mirrorless Camera,24,Yes,20,4.6
51,Canon,"64,995","₹45,990",Mirrorless Camera,24,Yes,29,4.4
52,SONY,"59,490","₹52,488",Mirrorless Camera,24,Yes,11,4.5
53,SONY,"1,36,990","₹1,21,489",Mirrorless Camera,27,Yes,11,
54,FUJIFILM,"9,499","₹6,499",,,No,31,4.3
55,Canon,"2,43,995","₹1,87,890",Mirrorless Camera,24,Yes,22,4.5
56,Canon,"92,995","₹79,990",Mirrorless Camera,24,Yes,13,4.6
57,Canon,"97,995","₹87,990",Mirrorless Camera,24,No,10,4.6
58,FUJIFILM,"22,990","₹18,999",,,No,17,4.6
59,MUGO,"16,999","₹2,449",,,No,85,3.1
60,Canon,"94,995","₹70,008",Mirrorless Camera,26,Yes,26,4.4
61,Bzrqx,"2,999",₹687,,12,Yes,77,3.6
62,GoPro,"49,990","₹42,990",,27,No,14,3.9
63,DIGITEK,"14,995","₹7,999",,48,Yes,46,3.5
64,SONY,"1,61,490","₹1,38,989",Mirrorless Camera,24,Yes,13,4.6
65,FUJIFILM,"9,499","₹6,499",,,No,31,4.3
66,dji,"74,99","₹69,990",,64,No,06,4.2
67,NIKON,"82,995","₹72,599",Mirrorless Camera,20,Yes,12,4.5
68,Insta360,"65,990","₹46,990",,72,No,28,4.4
69,SONY,"64,990","₹51,989",Mirrorless Camera,24,Yes,20,4.6
70,FUJIFILM,"11,499","₹7,499",,,No,34,4.4
71,DRONE,"9,999","₹2,299",Dual Camera,,No,77,3.2
72,SONY,"2,47,990","₹1,94,487",Mirrorless Camera,33,Yes,21,4.5
73,SONY,"1,42,990","₹1,25,989",Mirrorless Camera,24,Yes,11,4.6
74,Inext,"3,899",₹640,Magnet CameraHidden CameraSpy Camera,12,Yes,83,3.3
75,Bzrqx,"2,999",₹672,,12,Yes,77,3.3
76,Canon,"1,19,995","₹95,190",Mirrorless Camera,24,Yes,20,4.6
77,Canon,"64,995","₹45,990",Mirrorless Camera,24,Yes,29,4.4
78,dji,"34,990","₹24,990",,64,No,28,4.3
79,Elevea,"9,500","₹1,619",Action Camera,16,Yes,82,4
80,AD,"4,999","₹1,899",Baby CameraAction Camera,12,No,62,
81,Canon,"92,995","₹79,990",Mirrorless Camera,24,Yes,13,4.6
82,Drone,"9,999","₹2,999",,,No,70,
83,Fourbrother,"19,999","₹2,099",,,No,89,3.2
84,FUJIFILM,"9,499","₹6,499",,,No,31,4.3
85,dji,"34,999","₹22,990",,12,No,34,4.4
86,Canon,"97,995","₹87,990",Mirrorless Camera,24,No,10,4.6
87,Canon,"94,995","₹70,008",Mirrorless Camera,26,Yes,26,4.4
88,MAYURI,"13,999","₹2,240",Dual Camera,,Yes,83,2.9
89,Drone,"9,999","₹2,999",HD Camera,,Yes,70,
90,IZI,"16,999","₹8,799",,48,Yes,48,3.6
91,Insta360,"64,990","₹45,990",,72,No,29,4.2
92,Qolic,"9,999","₹3,333",HD Camera,,Yes,66,
93,SONY,"59,490","₹52,489",Mirrorless Camera,24,Yes,11,4.5
94,dji,"59,990","₹49,990",,64,No,16,4.7
95,SONY,"1,47,490","₹1,30,989",Mirrorless Camera,27,Yes,11,5
96,Canon,"1,19,995","₹95,190",Mirrorless Camera,24,Yes,20,4.6
97,Canon,"64,995","₹45,990",Mirrorless Camera,24,Yes,29,4.4
98,EDENGLOW,"19,999","₹3,999",,,No,80,
99,Lapvious,"9,999","₹3,299",,,No,67,3.2
100,AD,"4,999","₹1,899",Baby CameraAction Camera,12,No,62,
101,Canon,"92,995","₹79,990",Mirrorless Camera,24,Yes,13,4.6
102,DRONE,"9,999","₹2,499",,,No,75,
103,SIOVS,"2,999",₹699,Video Camera,12,Yes,76,3.3
104,Toyrist,"5,999","₹2,549",,,No,57,3.1
105,SONY,"1,99,99","₹1,87,990",Mirrorless CameraCompact Camera,20,Yes,06,5
106,Canon,"97,995","₹87,990",Mirrorless Camera,24,No,10,4.6
107,Canon,"94,995","₹70,008",Mirrorless Camera,26,Yes,26,4.4
108,DRONE,"9,999","₹2,499",4k Camera,,No,75,
109,Lipzie,"3,999",₹999,Digital CameraPortable Camera,5,No,75,4.2
110,Digiwins,"9,999","₹6,599",HD Camera,,Yes,34,3.2
111,D,"1,599",₹899,Digital CameraDigital Camera,1080,No,43,3.9
112,Canon,"39,995","₹27,990",,15,No,30,4
113,hph,"19,999","₹3,999",,,No,80,
114,NIKON,"2,04,995","₹1,74,990",Mirrorless Camera,24,Yes,14,4.1
115,Antman,"19,998","₹2,049",Dual Camera,,No,89,2.9
116,zoyo,"19,999","₹4,999",Drone Camera,,No,75,
117,SONY,"1,36,900","₹1,21,490",Mirrorless Camera,27,Yes,11,4.9
118,Wincomm,"3,999","₹1,649",,20,Yes,58,
119,NIKON,"1,76,995","₹1,49,990",Mirrorless Camera,25,Yes,15,5
120,Canon,"1,19,995","₹95,190",Mirrorless Camera,24,Yes,20,4.6
121,Canon,"64,995","₹45,990",Mirrorless Camera,24,Yes,29,4.4
122,samar,"12,999","₹1,899",WiFi Camera,,Yes,85,3.5
123,PTCMart,"7,999","₹2,899",With Camera,,No,63,
124,Toyrist,"5,999","₹1,999",,,No,66,3.7
125,Elevea,"7,000","₹1,699",,16,No,75,4.6
126,Canon,"92,995","₹79,990",Mirrorless Camera,24,Yes,13,4.6
127,Canon,"97,995","₹87,990",Mirrorless Camera,24,No,10,4.6
128,TechKing,"10,000","₹1,619",Action Camera,16,No,83,3.5
129,Drone,"9,999","₹2,999",Dual Camera,,No,70,
130,Canon,"94,995","₹70,008",Mirrorless Camera,26,Yes,26,4.4
131,SONY,"2,42,490","₹1,94,487",Mirrorless Camera,33,Yes,19,4.5
132,Swa,"8,999","₹3,199",Drone Camera,,No,64,
133,SONY,"80,490","₹65,487",Mirrorless Camera,24,Yes,18,4.5
134,samar,"9,999","₹2,199",Drone Camera,,No,78,2
135,RECTITUDE,"4,765","₹2,499",,,No,47,3.4
136,AVOIHS,"2,000",₹899,Kids CameraColorfull Camera,8,No,55,3.7
137,Swa,"8,999","₹3,249",,,No,63,2.3
138,PICSTAR,"11,999","₹6,999",Three Camera,,No,41,3.3
139,SONY,"75,990","₹61,487",Mirrorless Camera,24,Yes,19,4.5
140,SJCAM,"17,200","₹9,999",Action Camera,16,No,41,4.1
141,Insta360,"54,990","₹45,990",,72,No,16,5
142,FUJIFILM,"9,499","₹6,499",,,No,31,4.3
143,CASON,"12,995","₹7,295",Action CameraSports Camera,24,No,43,3.8
144,Wincomm,"3,999","₹1,599",Action Camera,12,No,60,
145,Adofys,"7,999","₹3,589",Print CameraVideo CameraInstant Camera,,No,55,4.8
146,Canon,"1,19,995","₹95,190",Mirrorless Camera,24,Yes,20,4.6
147,Canon,"64,995","₹45,990",Mirrorless Camera,24,Yes,29,4.4
148,Insta360,"44,999","₹32,989",,9,No,26,4.2
149,DRONE,"9,999","₹2,499",WiFi Camera,,Yes,75,
150,AD,"4,999","₹1,899",Baby CameraAction Camera,12,No,62,
151,Canon,"92,995","₹79,990",Mirrorless Camera,24,Yes,13,4.6
152,DRONE,"9,999","₹2,499",With Camera,,No,75,
153,SONY,"3,53,990","₹2,90,987",Mirrorless Camera,61,Yes,17,
154,RECTITUDE,"6,999","₹2,348",Dual Camera,,No,66,2.8
155,Clubics,"9,999","₹2,999",WiFi Camera,,Yes,70,
156,Canon,"97,995","₹87,990",Mirrorless Camera,24,No,10,4.6
157,Canon,"94,995","₹70,008",Mirrorless Camera,26,Yes,26,4.4
158,SONY,"80,490","₹65,488",Mirrorless Camera,24,Yes,18,4.5
159,DRONE,"9,999","₹2,499",Pro Camera,,No,75,
160,DRONE,"9,999","₹2,499",,,No,75,
161,Garundropsy,"6,199","₹1,687",Action CameraAction Camera,16,No,72,2.5
162,Bzrqx,"2,899",₹686,Spy CameraWiFi Camera,12,Yes,76,3.7
163,FUJIFILM,"1,84,999","₹1,39,990",Mirrorless Camera,26,Yes,24,4.4
164,Drone,"9,999","₹2,999",Dual Camera,,No,70,
165,DRONE,"9,999","₹2,499",Dual Camera,,No,75,
166,FUJIFILM,"22,999","₹18,999",,,No,17,4.6
167,Campro,"4,000","₹1,274",Action CameraBiker CameraAction Camera,3,No,68,2.7
168,SONY,"1,42,990","₹1,25,989",Mirrorless Camera,24,Yes,11,4.6
169,SJCAM,"7,800","₹4,999",Action Camera,15,No,35,3.6
170,Canon,"1,19,995","₹95,190",Mirrorless Camera,24,Yes,20,4.6
171,Canon,"64,995","₹45,990",Mirrorless Camera,24,Yes,29,4.4
172,VOLTAC,"3,999","₹1,399",,12,No,65,
173,Drone,"9,999","₹2,199",Dual Camera,,Yes,78,3.1
174,Zyamalox,"5,999","₹4,999",MP Camera,,No,16,4
175,Insta360,"70,990","₹54,490",,72,No,23,
176,Canon,"92,995","₹79,990",Mirrorless Camera,24,Yes,13,4.6
177,Canon,"97,995","₹87,990",Mirrorless Camera,24,No,10,4.6
178,Cubonic,"4,999","₹1,959",Action Camera,16,Yes,60,3.4
179,DRONE,"9,999","₹4,999",Dual Camera,,No,50,3.1
180,Canon,"94,995","₹70,008",Mirrorless Camera,26,Yes,26,4.4
181,SONY,"1,46,990","₹1,27,489",Mirrorless Camera,24,Yes,13,4.4
182,MUGO,"16,999","₹2,249",with Camera,,No,86,3.4
183,Swa,"9,495","₹3,399",,,No,64,
184,RECTITUDE,"6,999","₹2,348",WiFi Camera,,Yes,66,2.4
185,Rivalwilla,"9,999","₹3,199",WiFi Camera,,Yes,68,3
186,Canon,"3,43,995","₹2,74,790",Mirrorless Camera,24,Yes,20,4.5
187,AD,"4,999","₹1,899",Baby CameraAction Camera,12,No,62,
188,Inferno,"12,999","₹1,999",,,No,84,3
189,Exxelo,"2,999",₹999,,5,No,66,3.1
190,FUJIFILM,"9,499","₹8,499",,,No,10,4.2
191,DRONE,"9,999","₹2,499",,,No,75,
192,SONY,"2,62,490","₹2,06,987",Mirrorless Camera,33,Yes,21,4
193,DRONE,"9,999","₹2,499",WiFi Camera,,Yes,75,
194,PICSTAR,"17,999","₹9,999",,,No,44,
195,RECTITUDE,"6,499","₹2,399",Dual Camera,,No,63,2.7
196,Canon,"1,19,995","₹95,190",Mirrorless Camera,24,Yes,20,4.6
197,Canon,"64,995","₹45,990",Mirrorless Camera,24,Yes,29,4.4
198,SIOVS,"2,899",₹799,,12,No,72,3.4
199,Cubonic,"12,999","₹3,999",WiFi CameraAction Camera,16,Yes,69,
200,Canon,"92,995","₹79,990",Mirrorless Camera,24,Yes,13,4.6
201,Canon,"97,995","₹87,990",Mirrorless Camera,24,No,10,4.6
202,Swa,"8,999","₹3,599",,,No,60,4.3
203,Matira,"2,99","₹2,799",Dual Camera,,No,96,
204,Swa,"8,999","₹3,199",HD Camera,,Yes,64,3
205,Swa,"9,999","₹3,269",,,No,67,3.3
206,AD,"4,999","₹1,899",Baby CameraAction Camera,12,No,62,
207,Canon,"94,995","₹70,008",Mirrorless Camera,26,Yes,26,4.4
208,Drone,"9,999","₹2,999",,,No,70,
209,Canon,"2,71,995","₹2,17,390",Mirrorless Camera,24,Yes,20,4.5
210,SONY,"3,99,990","₹3,39,987",Mirrorless Camera,12,Yes,15,
211,Insta360,"44,999","₹32,989",,9,No,26,4.2
212,TR,"9,999","₹4,999",WiFi Camera,,Yes,50,
213,PICSTAR,"11,999","₹6,999",HD Camera,,No,41,
214,Bzrqx,"3,499","₹1,799",Spy CameraHidden CameraPen Camera,12,No,48,
215,Enfogo,"7,000","₹1,665",,16,No,76,3.3
216,Canon,"1,19,995","₹95,190",Mirrorless Camera,24,Yes,20,4.6
217,Canon,"64,995","₹45,990",Mirrorless Camera,24,Yes,29,4.4
218,SONY,"3,53,990","₹2,90,987",Mirrorless Camera,61,Yes,17,
219,Wintwilla,"8,999","₹4,999",,,No,44,3.4
220,Canon,"92,995","₹79,990",Mirrorless Camera,24,Yes,13,4.6
221,Canon,"97,995","₹87,990",Mirrorless Camera,24,No,10,4.6
222,RHONNIUM,"2,999","₹1,367",,12,No,54,3.4
223,GoPro,"44,99","₹42,490",,27,No,05,
224,SONY,"5,59,990","₹4,99,988",Mirrorless Camera,50,Yes,10,
225,Swa,"12,499","₹3,149",,,No,74,
226,Canon,"94,995","₹70,008",Mirrorless Camera,26,Yes,26,4.4
227,Elevea,"5,000","₹1,619",Action CameraWaterproof Camera,16,No,67,
228,Vajrakaye,"19,999","₹3,499",Drone Camera,,No,82,2.5
229,Drone,"9,999","₹2,999",Dual Camera,,No,70,
230,SJCAM,"4,400","₹2,549",,5,No,42,4.3
231,WINDCOMM,"3,999","₹1,619",Sports CameraAction Camera,12,No,59,
232,TOTAL,"4,999",₹999,,12,Yes,80,1.3
233,TOTAL,"15,999","₹6,999",,56,No,56,
234,DRONE,"9,999","₹4,999",Dual Camera,,No,50,3.1
235,Bzrqx,"2,999","₹1,172",CCTV CameraSmart Camera,12,Yes,60,4.2
236,Insta360,"54,990","₹40,990",,9,No,25,
237,DRONE,"9,999","₹2,299",Cual Camera,,No,77,2.8
238,Clipface,"4,000","₹1,349",Action CameraDashboard CameraDashboard Camera,720,No,66,4.7
239,FUJIFILM,,,,,No,,4.2
240,Canon,"1,19,995","₹95,190",Mirrorless Camera,24,Yes,20,4.6
241,Canon,"64,995","₹45,990",Mirrorless Camera,24,Yes,29,4.4
242,FELCRONIXS,"2,000",₹806,Spy Camera,12,No,59,2
243,Swa,"8,999","₹2,799",Mi Camera4K Camera,,No,68,
244,GoPro,"23,99","₹21,990",,12,No,08,3.3
245,SJCAM,"19,800","₹9,999",,16,No,49,
246,Canon,"92,995","₹79,990",Mirrorless Camera,24,Yes,13,4.6
247,Canon,"97,995","₹87,990",Mirrorless Camera,24,No,10,4.6
248,Clubics,"11,999","₹5,199",3 Camera,,No,56,
249,Swa,"8,999","₹2,699",Dual Camera,,No,70,
250,Canon,"94,995","₹70,008",Mirrorless Camera,26,Yes,26,4.4
251,Swa,"8,999","₹2,799",Good Camera,,No,68,
252,Swa,"9,999","₹3,359",,,No,66,3.5
253,Qaz,"3,999","₹1,187",,12,No,70,2.4
254,Pelupa,"3,999","₹1,299",Neck Camera,2,Yes,67,3.6
255,SIOVS,"2,899",₹683,Hidden Camera,12,Yes,76,3.5
256,AD,"4,999","₹1,899",Baby CameraAction Camera,12,No,62,
257,BURRAQUE,"4,999","₹2,999",Drone Camera,,No,40,
258,SIOVS,"2,999",₹679,CCTV Camera,12,Yes,77,3
259,Rivalwilla,"9,999","₹2,625",WiFi Camera,,Yes,73,2.6
260,GoPro,"64,99","₹62,490",,27,No,03,
261,Drone,"9,999","₹2,999",Dual Camera,,No,70,
262,Alburak,"9,999","₹1,576",,1080,No,84,
263,WINDCOMM,"3,999","₹1,619",Sports CameraAction Camera,12,No,59,
264,Swa,"8,999","₹2,699",Dual Camera,,No,70,
265,Magicwand,"6,999","₹2,999",,,No,57,
266,Canon,"92,995","₹79,990",Mirrorless Camera,24,Yes,13,4.6
267,Canon,"94,995","₹70,008",Mirrorless Camera,26,Yes,26,4.4
268,Drone,"9,999","₹2,999",1080P Camera,,No,70,
269,Raptas,"3,999",₹999,Digital CameraPortable Camera,5,No,75,2.9
270,Canon,"97,995","₹87,990",Mirrorless Camera,24,No,10,4.6
271,Canon,"1,19,995","₹95,190",Mirrorless Camera,24,Yes,20,4.6
272,FUJIFILM,"8,999","₹6,998",,,No,22,4.3
273,spectre,"19,999","₹2,876",WiFi Camera,,Yes,85,3.8
274,NIKON,,,Mirrorless Camera,24,Yes,,
275,CALLIE,"2,400","₹1,175",,16,No,51,2.9
276,Canon,"64,995","₹45,990",Mirrorless Camera,24,Yes,29,4.4
277,RHONNIUM,"4,000","₹1,274",,16,No,68,2.7
278,Swa,"11,950","₹3,499",,,No,70,2.4
279,Mynxe,"19,999","₹4,999",WiFi Camera,,Yes,75,
280,Toyrist,"5,999","₹4,999",HD Camera,,No,16,
281,Drone,"9,999","₹2,999",,,No,70,
282,Drone,"9,999","₹2,999",,,No,70,
283,CAM4U,"5,999","₹2,160",Action CameraAction CameraSports Camera,16,No,63,3.2
284,Enfogo,"7,000","₹1,717",,16,No,75,
285,JJS,"10,99","₹9,999",1080P CameraSingle Camera,,No,99,
286,First,"2,999","₹1,199",Action Camera,12,No,60,
287,Swa,"8,999","₹2,799",Good Camera,,No,68,
288,NIKON,"2,35,995","₹1,79,990",DSLR Camera,18,Yes,23,3
289,Drone,"9,999","₹2,999",,,No,70,
290,Canon,"1,19,995","₹95,190",Mirrorless Camera,24,Yes,20,4.6
291,Canon,"64,995","₹45,990",Mirrorless Camera,24,Yes,29,4.4
292,SROPX,"2,999",₹699,Security CameraSurveillance Camera,12,Yes,76,2.8
293,Fourbrother,"19,999","₹4,999",Fourbrother CameraWiFi Camera,,Yes,75,3.4
294,Canon,,,DSLR Camera,20,Yes,,4.1
295,SONY,"2,14,990","₹1,72,987",Mirrorless Camera,12,Yes,19,4.3
296,Canon,"92,995","₹79,990",Mirrorless Camera,24,Yes,13,4.6
297,Canon,"97,995","₹87,990",Mirrorless Camera,24,No,10,4.6
298,Samar,"4,000","₹1,999",,,No,50,
299,Qaz,"3,999","₹1,187",,12,No,70,2.4
300,Canon,"94,995","₹70,008",Mirrorless Camera,26,Yes,26,4.4
301,NIKON,"1,06,495","₹89,990",Mirrorless Camera,21,Yes,15,4.7
302,Qaz,"3,999","₹1,249",Sports Camera,12,No,68,4
303,BSK,"5,100","₹1,617",Action CameraAction Camera,16,No,68,
304,VOLTAC,"4,999","₹1,999",,12,No,60,3.1
305,Avyana,"1,999","₹1,199",,12,No,40,2.8
306,Mabron,"7,999","₹3,999",Dashboard Camera,2,No,50,
307,Swa,"8,999","₹3,319",Drone Camera,,No,63,
308,THEFNX,"5,500","₹1,699",Action CameraWiFi Camera,16,Yes,69,
309,CALLIE,"4,500","₹1,614",,30,No,64,2.7
310,Swa,"9,850","₹3,419",,,No,65,
311,VOLTAC,"4,999",₹899,WIFI Camera,8,No,82,3
312,Bzrqx,"2,999",₹759,,12,Yes,74,3.4
313,CASON,"12,995","₹7,695",Action Camera,24,No,40,3.8
314,SIOVS,"2,899",₹699,,12,No,75,
315,NIKON,"3,43,995","₹2,89,990",DSLR Camera,45,Yes,15,4.6
316,Canon,"1,19,995","₹95,190",Mirrorless Camera,24,Yes,20,4.6
317,Canon,"64,995","₹45,990",Mirrorless Camera,24,Yes,29,4.4
318,Elevea,"7,000","₹1,274",,16,No,81,2.8
319,Swa,"10,299","₹3,333",,,No,67,
320,Canon,"92,995","₹79,990",Mirrorless Camera,24,Yes,13,4.6
321,Canon,"97,995","₹87,990",Mirrorless Camera,24,No,10,4.6
322,BNK,"4,000","₹1,241",,1080,No,68,
323,Drone,"9,999","₹2,999",,,No,70,
324,Swa,"8,999","₹2,799",,,No,68,
325,IMPLY,"2,485","₹1,249",,12,No,49,2
326,Canon,"94,995","₹70,008",Mirrorless Camera,26,Yes,26,4.4
327,IC,"2,200","₹1,529",Spy Camera,2,Yes,30,3.6
328,NIKON,"2,21,99","₹2,01,599",Mirrorless Camera,25,Yes,59,
329,KOOLCRAFTS,"7,000","₹1,614",,16,Yes,76,3
330,Drone,"9,999","₹2,999",with Camera,,No,70,
331,proultim8,"1,599",₹427,,,No,73,3.9
332,TFG,"3,999","₹1,210",Action CameraSport Camera,12,No,69,3
333,Drone,"9,999","₹2,999",,,No,70,
334,Swa,"8,999","₹2,779",,,No,69,
335,Spenco,"9,999","₹2,279",WiFi Camera,,Yes,77,
336,Canon,"1,19,995","₹95,190",Mirrorless Camera,24,Yes,20,4.6
337,AD,"4,999","₹1,899",Baby CameraAction Camera,12,No,62,
338,DRONE,"9,999","₹2,499",WiFi Camera,,Yes,75,
339,IC,"2,200","₹1,529",Spy Camera,2,Yes,30,3.6
340,Canon,"64,995","₹45,990",Mirrorless Camera,24,Yes,29,4.4
341,Canon,"92,995","₹79,990",Mirrorless Camera,24,Yes,13,4.6
342,Canon,,,DSLR Camera,20,Yes,,4.1
343,Drone,"9,999","₹2,999",,,No,70,
344,TFG,"4,999","₹1,249",,12,No,75,
345,KOOLCRAFTS,"7,000","₹1,614",,16,Yes,76,3
346,Canon,"97,995","₹87,990",Mirrorless Camera,24,No,10,4.6
347,Canon,"94,995","₹70,008",Mirrorless Camera,26,Yes,26,4.4
348,Drone,"9,999","₹2,999",with Camera,,No,70,
349,proultim8,"1,599",₹427,,,No,73,3.9
350,CASON,"12,995","₹7,695",Action Camera,24,No,40,3.8
351,SrO,"6,000","₹2,348",,1080,No,60,3.6
352,NIKON,"2,21,99","₹2,01,599",Mirrorless Camera,25,Yes,59,
353,SONY,"1,72,990","₹1,53,990",Mirrorless Camera,27,Yes,10,
354,DRONE,"9,999","₹2,499",Dual Camera,,No,75,
355,DRONE,"9,999","₹2,499",WiFi Camera,,Yes,75,
356,Elevea,"7,000","₹1,274",,16,No,81,2.8
357,TFG,"3,999","₹1,210",Action CameraSport Camera,12,No,69,3
358,SJCAM,"4,400","₹2,549",,5,No,42,4.3
359,Clubics,"9,999","₹2,999",WiFi Camera,,Yes,70,3.4
360,Canon,"1,19,995","₹95,190",Mirrorless Camera,24,Yes,20,4.6
361,Canon,"64,995","₹45,990",Mirrorless Camera,24,Yes,29,4.4
362,OLYMPUS,"74,990","₹65,991",DSLR Camera,16,Yes,12,
363,dji,"44,990","₹35,990",,16,No,20,4.4
364,FUJIFILM,"16,999","₹12,499",,,No,26,4.5
365,IC,"1,967",₹899,Spy CameraHD CameraSpy Camera,1080,No,54,3.3
366,Canon,"92,995","₹79,990",Mirrorless Camera,24,Yes,13,4.6
367,Canon,"97,995","₹87,990",Mirrorless Camera,24,No,10,4.6
368,Clubics,"9,999","₹2,999",WiFi Camera,,Yes,70,
369,DRONE,"9,999","₹2,499",Hd Camera,,No,75,
370,Canon,"94,995","₹70,008",Mirrorless Camera,26,Yes,26,4.4
371,Toyrist,"5,999","₹2,099",With Camera,,No,65,
372,SJCAM,"15,000","₹7,799",,14,No,48,3.9
373,TFG,"1,449",₹892,,12,No,38,3.3
374,Drone,"9,999","₹2,999",,,No,70,
375,NIKON,"1,06,495","₹89,990",Mirrorless Camera,21,Yes,15,4.7
376,BSK,"5,100","₹1,617",Action CameraAction Camera,16,No,68,
377,Qiwa,"9,999","₹8,428",Action CameraAction Camera,12,Yes,15,
378,DRONE,"9,999","₹2,499",,,No,75,
379,FUJIFILM,"10,999","₹9,499",,,No,13,4.4
380,FUJIFILM,"5,99","₹5,795",,,No,93,4.3
381,AD,"4,999","₹1,899",Baby CameraAction Camera,12,No,62,
382,Drone,"9,999","₹2,999",avec Camera,,No,70,
383,OLYMPUS,"59,990","₹52,999",DSLR Camera,12,Yes,11,
384,TFG,"1,300",₹892,,12,No,31,3.1
385,Exxelo,"7,000","₹1,709",Dash CameraVideo CameraAction Camera,16,No,75,3.5
386,Canon,"1,19,995","₹95,190",Mirrorless Camera,24,Yes,20,4.6
387,Canon,"64,995","₹45,990",Mirrorless Camera,24,Yes,29,4.4
388,Suroskie,"2,500","₹1,259",Action CameraAction Camera,12,No,49,2.9
389,FUJIFILM,"2,74,998","₹1,89,990",Mirrorless Camera,26,Yes,30,4.4
390,Canon,"92,995","₹79,990",Mirrorless Camera,24,Yes,13,4.6
391,Canon,"97,995","₹87,990",Mirrorless Camera,24,No,10,4.6
392,Swa,"8,999","₹2,799",,,No,68,
393,Swa,"8,999","₹2,799",,,Yes,68,
394,Drone,"9,999","₹2,999",WiFi Camera,,Yes,70,
395,TFG,"2,099","₹1,189",Action CameraWaterproof Camera,12,No,43,3.3
396,Canon,"94,995","₹70,008",Mirrorless Camera,26,Yes,26,4.4
397,DAHUA,"6,999","₹1,755",Action CameraAction Camera,20,No,74,
398,FUJIFILM,"1,54,999","₹1,15,990",Mirrorless Camera,26,Yes,25,4.4
399,Qaz,"3,999","₹1,172",,12,No,70,3.5
400,Garundropsy,"6,199","₹2,329",Action CameraAction Camera,16,No,62,3
401,SROPX,"2,499",₹799,Spy Camera,12,No,68,
402,WINDCOMM,"3,999","₹1,619",Action CameraSport Camera,12,No,59,
403,Swa,"8,999","₹3,399",With Camera,,No,62,
404,NIKON,"94,495","₹84,599",Mirrorless Camera,20,Yes,10,4.3
405,Drone,"9,999","₹2,999",Dual Camera,,No,70,
406,PICSTAR,"11,999","₹6,999",HD Camera,,No,41,
407,NIKON,"2,56,995","₹2,25,990",Mirrorless Camera,25,Yes,12,
408,First,"2,999","₹1,199",Action CameraWaterproof Camera,12,No,60,
409,Bzrqx,"2,899",₹699,Spy CameraHidden Camera,12,Yes,75,2.3
410,Canon,"1,19,995","₹95,190",Mirrorless Camera,24,Yes,20,4.6
411,Canon,"64,995","₹45,990",Mirrorless Camera,24,Yes,29,4.4
412,Cubonic,"2,999","₹1,999",,18,No,33,3.7
413,TFG,"1,649","₹1,189",,12,No,27,3.2
414,AUSHA,"3,999","₹2,499",,16,No,37,
415,Drone,"9,999","₹2,999",With Camera,,No,70,
416,Canon,"92,995","₹79,990",Mirrorless Camera,24,Yes,13,4.6
417,Canon,"97,995","₹87,990",Mirrorless Camera,24,No,10,4.6
418,First,"2,999","₹1,199",Action Camera,12,No,60,2.3
419,VOLTAC,"5,999","₹3,999",,16,No,33,
420,Canon,"94,995","₹70,008",Mirrorless Camera,26,Yes,26,4.4
421,Akaso,"23,999","₹9,699",,20,No,59,3.8
422,Garundropsy,"6,199","₹2,296",,12,No,62,
423,ZEDY,"7,000","₹1,619",,32,No,76,2.8
424,HomeEye,"3,499",₹840,Video CameraSecurity CameraAction Camera,2,No,75,
425,Elevea,"6,999","₹2,699",Action Camera,12,Yes,61,
426,AD,"4,999","₹1,899",Baby CameraAction Camera,12,No,62,
427,Drone,"9,999","₹2,999",Dual Camera,,No,70,
428,NIKON,"2,94,99","₹2,66,999",Mirrorless Camera,45,Yes,59,4
429,AVOIHS,"2,000",₹899,Toy Camera,8,No,55,4.7
430,DRONEBOX,"9,999","₹2,877",GPS Camera,,No,71,3.4
431,TechKing,"7,999","₹2,599",Dual Camera,2,No,67,
432,Enfogo,"7,000","₹1,717",,16,No,75,
433,Drone,"9,999","₹2,999",A Camera,,Yes,70,
434,Drone,"9,999","₹2,999",,,No,70,
435,CALLIE,"6,999","₹1,504",,16,No,78,3.2
436,Canon,"1,19,995","₹95,190",Mirrorless Camera,24,Yes,20,4.6
437,Canon,"64,995","₹45,990",Mirrorless Camera,24,Yes,29,4.4
438,Canon,"1,24,995","₹99,999",DSLR Camera,20,No,19,4.1
439,Exxelo,"4,999","₹2,599",Vehicle CameraAction Camera,16,No,48,4
440,AD,"4,999","₹1,899",Baby CameraAction Camera,12,No,62,
441,Canon,"92,995","₹79,990",Mirrorless Camera,24,Yes,13,4.6
442,Drone,"9,999","₹2,999",WiFi Camera,,Yes,70,
443,Drone,"9,999","₹2,999",WiFi Camera,,Yes,70,
444,SONY,,,Mirrorless Camera,24,Yes,,
445,Rhobos,"6,999","₹4,299",Print Camera,12,No,38,
446,Canon,"97,995","₹87,990",Mirrorless Camera,24,No,10,4.6
447,Canon,"94,995","₹70,008",Mirrorless Camera,26,Yes,26,4.4
448,OLYMPUS,"2,59,990","₹1,74,990",DSLR Camera,20,Yes,32,
449,Avyana,"1,999","₹1,199",,12,No,40,2.8
450,ALA,"1,788","₹1,130",,12,No,36,2.7
451,Insta360,"49,990","₹36,990",,9,No,26,
452,SROPX,"2,999",₹799,,12,No,73,3.2
453,Qaz,"3,999","₹1,169",Action Camera,12,No,70,2.1
454,Clubics,"9,999","₹2,999",WiFi Camera,,Yes,70,
455,FUJIFILM,"10,999","₹9,499",,,No,13,4.4
456,Canon,"1,19,995","₹95,190",Mirrorless Camera,24,Yes,20,4.6
457,Canon,"64,995","₹45,990",Mirrorless Camera,24,Yes,29,4.4
458,Panasonic,"89,990","₹74,990",Mirrorless Camera,16,Yes,16,4.7
459,First,"2,999","₹1,199",Action CameraWaterproof Camera,12,No,60,
460,AD,"4,999","₹1,899",Baby CameraAction Camera,12,No,62,
461,Canon,"92,995","₹79,990",Mirrorless Camera,24,Yes,13,4.6
462,Whelked,,,Action CameraAction CameraSport Camera,16,No,,2.9
463,Drone,"9,999","₹2,999",With Camera,,No,70,
464,FUJIFILM,"8,999","₹6,999",,,No,22,4.3
465,SIOVS,"2,999","₹1,599",Charger Camera,12,No,46,
466,Canon,"97,995","₹87,990",Mirrorless Camera,24,No,10,4.6
467,Canon,"94,995","₹70,008",Mirrorless Camera,26,Yes,26,4.4
468,WINDCOMM,"3,999","₹1,619",Action CameraSport Camera,12,No,59,
469,Bzrqx,"2,999","₹1,299",,12,No,56,
470,Suroskie,"3,600","₹1,614",,16,Yes,55,3
471,Akaso,"18,999","₹6,890",,20,No,63,4
472,Suroskie,"2,500","₹1,259",Action CameraAction Camera,12,No,49,2.9
473,MiloMiles,"14,999","₹4,999",WiFi Camera,,Yes,66,
474,SJCAM,"4,400","₹2,699",,5,No,38,4.3
475,FUJIFILM,"10,999","₹9,499",,,No,13,4.4
476,RHONNIUM,"2,500","₹1,250",,12,No,50,3.7
477,Plastikraft,"19,999","₹11,999",,,No,40,
478,TOTAL,"19,999","₹6,999",,44,No,65,
479,ALA,"1,432",₹999,Micro CameraMini Camera,12,No,30,1.8
